{
    "(0, 0)": {
        "Eylem 0": 0.0,
        "Eylem 1": 63.01715402374305,
        "Eylem 2": 0.0,
        "Eylem 3": 69.82594028587519
    },
    "(0, 1)": {
        "Eylem 0": 0.0,
        "Eylem 1": 0.0,
        "Eylem 2": 66.33445342744939,
        "Eylem 3": 73.50162883485933
    },
    "(0, 2)": {
        "Eylem 0": 0.0,
        "Eylem 1": 77.37528874019577,
        "Eylem 2": 69.82571307086677,
        "Eylem 3": 77.3695912897727
    },
    "(0, 3)": {
        "Eylem 0": 0.0,
        "Eylem 1": 81.44961892338925,
        "Eylem 2": 73.49830389642317,
        "Eylem 3": 81.44881301206748
    },
    "(0, 4)": {
        "Eylem 0": 0.0,
        "Eylem 1": 85.73681729226861,
        "Eylem 2": 77.37694381942907,
        "Eylem 3": 0.0
    },
    "(1, 0)": {
        "Eylem 0": 66.33446593713079,
        "Eylem 1": 59.86579778619405,
        "Eylem 2": 0.0,
        "Eylem 3": 0.0
    },
    "(1, 1)": {
        "Eylem 0": 0.0,
        "Eylem 1": 0.0,
        "Eylem 2": 0.0,
        "Eylem 3": 0.0
    },
    "(1, 2)": {
        "Eylem 0": 73.50056348638807,
        "Eylem 1": 0.0,
        "Eylem 2": 0.0,
        "Eylem 3": 81.44997771007962
    },
    "(1, 3)": {
        "Eylem 0": 77.37684049581831,
        "Eylem 1": 85.73707449950227,
        "Eylem 2": 77.37216522484812,
        "Eylem 3": 85.7366835776831
    },
    "(1, 4)": {
        "Eylem 0": 81.44734204755159,
        "Eylem 1": 90.24969460257911,
        "Eylem 2": 81.4494918832298,
        "Eylem 3": 0.0
    },
    "(2, 0)": {
        "Eylem 0": 63.017235190958075,
        "Eylem 1": 56.87190092337777,
        "Eylem 2": 0.0,
        "Eylem 3": 56.87146811907293
    },
    "(2, 1)": {
        "Eylem 0": 0.0,
        "Eylem 1": 54.016624071999196,
        "Eylem 2": 59.86582787680615,
        "Eylem 3": 0.0
    },
    "(2, 2)": {
        "Eylem 0": 0.0,
        "Eylem 1": 0.0,
        "Eylem 2": 0.0,
        "Eylem 3": 0.0
    },
    "(2, 3)": {
        "Eylem 0": 81.44896376788694,
        "Eylem 1": 0.0,
        "Eylem 2": 0.0,
        "Eylem 3": 90.24961426952105
    },
    "(2, 4)": {
        "Eylem 0": 85.73706869941357,
        "Eylem 1": 94.99993129812702,
        "Eylem 2": 85.7355285861655,
        "Eylem 3": 0.0
    },
    "(3, 0)": {
        "Eylem 0": 59.865828183789105,
        "Eylem 1": 54.02166551643131,
        "Eylem 2": 0.0,
        "Eylem 3": 54.02111824748492
    },
    "(3, 1)": {
        "Eylem 0": 56.87085821362519,
        "Eylem 1": 51.2828905143001,
        "Eylem 2": 56.869150225310435,
        "Eylem 3": 51.244915062328424
    },
    "(3, 2)": {
        "Eylem 0": 0.0,
        "Eylem 1": 48.679305579698116,
        "Eylem 2": 53.978663432712125,
        "Eylem 3": 0.0
    },
    "(3, 3)": {
        "Eylem 0": 0.0,
        "Eylem 1": 0.0,
        "Eylem 2": 0.0,
        "Eylem 3": 0.0
    },
    "(3, 4)": {
        "Eylem 0": 90.24951586948919,
        "Eylem 1": 99.99998722077032,
        "Eylem 2": 0.0,
        "Eylem 3": 0.0
    },
    "(4, 0)": {
        "Eylem 0": 56.866923222494705,
        "Eylem 1": 0.0,
        "Eylem 2": 0.0,
        "Eylem 3": 51.30148397034929
    },
    "(4, 1)": {
        "Eylem 0": 54.00970272354096,
        "Eylem 1": 0.0,
        "Eylem 2": 54.00856343729329,
        "Eylem 3": 48.690161804394215
    },
    "(4, 2)": {
        "Eylem 0": 51.25845395127428,
        "Eylem 1": 0.0,
        "Eylem 2": 51.27820698044421,
        "Eylem 3": 0.0
    },
    "(4, 3)": {
        "Eylem 0": 0.0,
        "Eylem 1": 0.0,
        "Eylem 2": 0.0,
        "Eylem 3": 0.0
    },
    "(4, 4)": {
        "Eylem 0": 0.0,
        "Eylem 1": 0.0,
        "Eylem 2": 0.0,
        "Eylem 3": 0.0
    }
}